Game Name,게임 가격
Counter-Strike 2,Free To Play
HELLDIVERS™ 2,"₩ 44,800"
Steam Deck,"₩ 91,400"
Dragon's Dogma 2,Free To Play
Apex Legends™,Free To Play
PUBG: BATTLEGROUNDS,Free To Play
Warframe,"₩ 33,000"
Cyberpunk 2077,"₩ 22,400"
Tom Clancy's Rainbow Six® Siege,"₩ 66,000"
Baldur's Gate 3,"₩ 69,800"
HELLDIVERS™ 2 Super Citizen Edition,"₩ 62,800"
Horizon Forbidden West™ Complete Edition,Free To Play
Limbus Company,Free To Play
Destiny 2,"₩ 46,000"
Rust,"₩ 57,650"
Cyberpunk 2077: Ultimate Edition,"₩ 21,000"
Dead by Daylight,"₩ 64,800"
ELDEN RING,"₩ 84,500"
Call of Duty®: Modern Warfare® III,Free To Play
War Thunder,"₩ 22,000"
The Elder Scrolls® Online,"₩ 14,850"
Balatro,"₩ 77,000"
EA SPORTS FC™ 24,"₩ 14,500"
Supermarket Simulator,"₩ 16,500"
Grand Theft Auto V,"₩ 16,000"
Stardew Valley,Free To Play
Call of Duty®: Warzone™,"₩ 29,660"
Cyberpunk 2077: Phantom Liberty,"₩ 32,000"
SOUTH PARK: SNOW DAY!,"₩ 31,000"
Enshrouded,"₩ 31,500"
No Man's Sky,Free To Play
THE FINALS,"₩ 44,000"
Millennia,"₩ 16,500"
Grand Theft Auto V: Premium Edition,"₩ 8,800"
Deep Rock Galactic: Survivor,Free To Play
The Sims™ 4,Free To Play
NARAKA: BLADEPOINT,"₩ 37,500"
Last Epoch,"₩ 32,000"
Palworld,"₩ 27,600"
Warframe: TennoCon 2024 Digital Pack,"₩ 66,000"
Battlefield™ 2042,"₩ 11,000"
Lethal Company,"₩ 39,530"
Football Manager 2024,"₩ 15,500"
Satisfactory,"₩ 32,000"
Sons Of The Forest,"₩ 13,700"
The Witcher 3: Wild Hunt - Complete Edition,"₩ 8,700"
The Witcher® 3: Wild Hunt,Free To Play
Dota 2,"₩ 6,500"
Overcooked! 2,Free To Play
Yu-Gi-Oh! Master Duel,Free To Play
World of Warships,"₩ 79,800"
TEKKEN 8,"₩ 55,000"
Crusader Kings III,"₩ 33,000"
Titanfall® 2,"₩ 46,400"
Banishers: Ghosts of New Eden,"₩ 26,800"
THE FINALS - Bank Rabbit Set,"₩ 44,000"
It Takes Two,"₩ 39,400"
Sea of Thieves: 2024 Edition,"₩ 59,900"
Forza Horizon 5,"₩ 27,270"
GUILTY GEAR -STRIVE-,Free To Play
Team Fortress 2,"₩ 6,300"
Tribes of Midgard,"₩ 53,000"
Ready or Not,"₩ 16,000"
Goat Simulator 3,"₩ 8,940"
Green Hell & Official Soundtrack Bundle,"₩ 14,500"
Phasmophobia,"₩ 8,940"
Green Hell,"₩ 2,050"
Evil Genius 2: World Domination,"₩ 37,500"
RimWorld,"₩ 44,500"
Fallout 76,"₩ 28,800"
Godsworn,"₩ 5,120"
Assetto Corsa,Free To Play
Yu-Gi-Oh! Duel Links,"₩ 44,800"
Ghostrunner Game Bundle,"₩ 42,000"
Myth of Empires,"₩ 26,000"
BeamNG.drive,"₩ 29,400"
HITMAN 3,"₩ 67,800"
NBA 2K24,"₩ 77,000"
Madden NFL 24,"₩ 4,500"
Wallpaper Engine,"₩ 24,800"
Euro Truck Simulator 2,"₩ 27,000"
Outpost: Infinity Siege,"₩ 31,070"
Hunt: Showdown,"₩ 14,500"
Backpack Battles,"₩ 9,170"
Assetto Corsa Ultimate Edition,"₩ 42,000"
The Outlast Trials,"₩ 16,500"
Pepper Grinder,"₩ 79,800"
Persona 3 Reload,"₩ 59,900"
Microsoft Flight Simulator 40th Anniversary Edition,"₩ 66,000"
Red Dead Redemption 2,Free To Play
SMITE®,Free To Play
ヘブンバーンズレッド,"₩ 11,250"
Control Ultimate Edition,"₩ 69,800"
Granblue Fantasy: Relink,"₩ 21,500"
Project Zomboid,"₩ 11,000"
Inscryption,"₩ 77,000"
STAR WARS Jedi: Survivor™,"₩ 59,950"
Borderlands Collection: Pandora's Box,"₩ 52,800"
God of War,"₩ 51,920"
